alpha,beta,gamma,mAP@20,NDCG@20
1,1,0.5,0.657716890838863,0.5291309987001882
0.5,0.5,0.5,0.657716890838863,0.5291309987001882
1,0.5,0,0.660122805672377,0.5171111785802192