alpha,beta,gamma,mAP@20,NDCG@20
1,1,0.5,0.78230891061408,0.662486590507256
0.5,0.5,0.5,0.6987123878837568,0.5966258335591637
1,0.5,0,0.7747390886413433,0.651857576259288